word	count	rank
阿Ｑ	284	0
知道	53	1
想	76	2
自己	46	3
小	75	4
太爺	41	5
未莊	44	6
秀才	34	7
看	72	8
沒有	95	9
似乎	31	10
著	65	11
聽	34	12
打	53	13
見	76	14
他們	26	15
對	33	16
尼姑	23	17
女人	23	18
老爺	23	19
好	38	20
舉人	23	21
假洋鬼子	21	22
再	27	23
站	26	24
只	56	25
更	26	26
雖然	23	27
土谷祠	17	28
錢	45	29
辮子	22	30
革命黨	21	31
已經	23	32
誰	19	33
那裡	17	34
倒	20	35
彷	17	36
彿	15	37
以	92	38
不能	16	39
東西	19	40
老頭子	16	41
正傳	14	42
不是	14	43
這樣	15	44
或者	14	45
道	89	46
我們	15	47
現在	18	48
即	27	49
下	71	50
一件	15	51
大	109	52
鄒七嫂	15	53
）	14	54
就是	13	55
長	25	56
一定	13	57
眼睛	13	58
本來	18	59
覺得	23	60
造反	13	61
老	68	62
似的	12	63
便是	12	64
事	30	65
還是	14	66
只有	12	67
還有	16	68
可以	12	69
這是	12	70
吃	18	71
酒店	12	72
人物	12	73
把	14	74
革命	35	75
漸漸	11	76
總	25	77
只是	11	78
先前	11	79
新	21	80
可	64	81
用	41	82
城裡	14	83
立刻	11	84
家	78	85
向	14	86
王胡	18	87
太太	11	88
一面	10	89
第一	14	90
無	31	91
兒子	13	92
黃	11	93
地保	10	94
ｅ	10	95
先生	10	96
多	40	97
拿	11	98
舂	10	99
一種	14	100
睡	13	101
看見	20	102
忽然	10	103
大約	14	104
指	28	105
吳媽	11	106
鏘	12	107
可惜	9	108
不知	32	109
不敢	9	110
兩個	10	111
進	47	112
怎麼	11	113
有人	10	114
寫	16	115
正	58	116
人們	18	117
時	92	118
意思	9	119
手	54	120
白眼	9	121
傳	70	122
思想	8	123
其次	8	124
家裡	8	125
這裡	8	126
個	99	127
竟	16	128
非常	8	129
比	13	130
自然	10	131
錯	10	132
不見	8	133
以為	19	134
不足	8	135
照例	8	136
這才	10	137
跑	8	138
晚上	8	139
一般	8	140
得意	8	141
本	49	142
皇帝	8	143
一支	8	144
使	22	145
不准	8	146
出去	9	147
司晨	8	148
媽媽	9	149
跟	9	150
像	13	151
蔔	8	152
進城	8	153
盤	9	154
：	7	155
酒	28	156
幾個	8	157
第二天	7	158
外面	7	159
ｉ	7	160
間	29	161
曾	15	162
未	60	163
仍然	7	164
怕	17	165
幫忙	7	166
米	9	167
起	73	168
早	18	169
幾乎	7	170
怒目	7	171
地方	7	172
這回	7	173
忽而	7	174
較	7	175
臉	12	176
進去	8	177
上城	7	178
跳	10	179
哭	8	180
笑	21	181
飄飄然	9	182
應該	10	183
一天	7	184
並且	7	185
黑狗	7	186
『	7	187
』	7	188
作者	7	189
名	38	190
託	6	191
字	24	192
該	21	193
姓	23	194
本家	6	195
會	21	196
太	82	197
ｕ	6	198
因此	6	199
頗	6	200
穿	11	201
行狀	6	202
別	30	203
啦	6	204
這時	9	205
格外	6	206
身上	6	207
而視	6	208
閒人們	6	209
隻	6	210
一通	6	211
回到	6	212
唱	9	213
罷	20	214
神	21	215
戲	11	216
一樣	6	217
下去	9	218
破	13	219
夾襖	6	220
不平	6	221
不要	6	222
等	14	223
走近	6	224
裡的	14	225
帶	9	226
男人	6	227
之一	6	228
買	8	229
竹杠	6	230
手裡	6	231
已	33	232
請	6	233
裡面	7	234
同時	6	235
回來	6	236
三日	6	237
據	13	238
不過	6	239
嚓	6	240
一夜	6	241
床	6	242
白盔	6	243
白甲	6	244
搬	7	245
抬出	6	246
抓	13	247
衫	16	248
古代	6	249
內傳	5	250
麼	81	251
正史	5	252
不可	5	253
既	8	254
賣	7	255
稱	19	256
一句	5	257
即使	5	258
一回	6	259
原來	6	260
如此	5	261
提起	5	262
死	15	263
Ｑ	289	264
陳	5	265
聲音	5	266
住	25	267
所	56	268
阿	300	269
許多	17	270
算是	5	271
留心	5	272
短工	5	273
船	8	274
完	13	275
忘	8	276
不必	5	277
文童	5	278
者	41	279
尊敬	5	280
蔥	5	281
呵	7	282
諱	7	283
罵	9	284
心滿	5	285
意足	5	286
得勝	7	287
全	20	288
不到	5	289
腰間	5	290
耳朵	5	291
爬	5	292
躺	6	293
孤孀	5	294
從此	8	295
大家	5	296
那麼	5	297
反	26	298
一聲	5	299
唾沫	5	300
近來	6	301
停	8	302
壞	6	303
信	11	304
趕緊	6	305
幸而	6	306
鬆	5	307
慢慢	5	308
早已	5	309
高興	5	310
伊	17	311
和尚	5	312
十分	6	313
古怪	5	314
飯	9	315
男女	6	316
年	38	317
府上	6	318
上去	8	319
跪	8	320
見過	6	321
大錢	5	322
們	71	323
這些	5	324
餓	6	325
ｎ	5	326
執鋼	5	327
站住	5	328
髮	5	329
放	25	330
不但	5	331
蘿	8	332
這一節	5	333
白	31	334
殺	12	335
箱子	5	336
悔不該	5	337
自由	5	338
柿油黨	5	339
洋	59	340
馬	10	341
一九二	6	342
參看	5	343
清代	5	344
注	11	345
究竟	4	346
一篇	4	347
文章	5	348
名目	4	349
曰	4	350
列傳	4	351
實在	5	352
說家	6	353
所謂	5	354
大抵	4	355
一見	5	356
愈	7	357
敢	13	358
嘴巴	5	359
並沒有	5	360
竹帛	4	361
月	21	362
更加	4	363
青年	4	364
只好	4	365
籍貫	4	366
百家姓	4	367
癖	4	368
那時	4	369
從來	7	370
並	47	371
別人	7	372
神情	4	373
之外	4	374
加以	4	375
可笑	4	376
這也	7	377
一些	5	378
癩	10	379
近	27	380
通紅	4	381
驚	11	382
祇	4	383
不再	4	384
閒人	10	385
碰	5	386
心裡	4	387
此	35	388
先	29	389
畜生	4	390
兩	41	391
不算	4	392
外	44	393
假使	4	394
臺	4	395
痛	10	396
挨	4	397
詫異	4	398
用力	4	399
其實	4	400
一年	11	401
春天	4	402
街上	4	403
胡	32	404
放在	5	405
怎樣	4	406
將	46	407
衣服	4	408
些	58	409
君子	4	410
生平	4	411
母親	4	412
老婆	4	413
處	9	414
剪	4	415
肚子	4	416
出來	6	417
拍	11	418
孩子	4	419
發生	4	420
對面	4	421
大聲	4	422
突然	4	423
腳	10	424
人大	5	425
勝利	7	426
朋友	5	427
滑膩	5	428
還	74	429
人生	4	430
放心	4	431
一塊	4	432
可惡	6	433
晚飯	4	434
大爺	4	435
少奶奶	4	436
且	56	437
鄉	8	438
一會	5	439
府	20	440
走出	5	441
分明	4	442
坐	12	443
赤膊	4	444
記得	5	445
布衫	4	446
現錢	4	447
由	14	448
四	34	449
一想	4	450
終於	13	451
披	5	452
待	11	453
歲	7	454
情形	4	455
鞭將	4	456
彎	7	457
三步	4	458
還沒有	4	459
庵	8	460
若	10	461
出現	4	462
路	15	463
發財	5	464
好看	4	465
有時	8	466
還要	4	467
快	15	468
娘子	4	469
況且	4	470
亦	4	471
命	44	472
宣德	4	473
將辮子	5	474
黨	32	475
頂子	4	476
殺頭	7	477
槍	6	478
上面	4	479
圓圈	5	480
之間	4	481
語見	4	482
論語	4	483
封建	4	484
時代	8	485
本卷	4	486
頁	4	487
語出	4	488
表示	5	489
下文	4	490
孔丘	4	491
立言	3	492
不朽	4	493
甚	6	494
歸	4	495
感到	3	496
並非	3	497
宣付	3	498
本傳	3	499
英國	4	500
迭	3	501
做過	3	502
博徒別	3	503
一部	3	504
書	17	505
引車	3	506
流	14	507
兩碗	3	508
小子	3	509
胡說	3	510
酒錢	3	511
第三	5	512
阿桂	3	513
阿貴	3	514
八月	4	515
倘若	3	516
誰料	3	517
公	7	518
洋字	3	519
雖	30	520
真	15	521
有別	3	522
流行	3	523
尚且	3	524
望	9	525
老例	3	526
郡名	3	527
莊人	11	528
缺點	4	529
歷史	3	530
胡適	3	531
能夠	3	532
但是	3	533
早經	3	534
只要	3	535
玩笑	3	536
工作	3	537
久	8	538
頌揚	3	539
瘦	3	540
正在	3	541
面前	3	542
凳	9	543
鄉下	7	544
見識	3	545
一切	4	546
復	3	547
平常	3	548
揪住	3	549
辮根	3	550
蟲豸	5	551
遭	3	552
他覺	3	553
狀元	3	554
押牌	3	555
寶	5	556
一堆	3	557
汗流	3	558
滿面	3	559
樁	3	560
蓋	7	561
天門	3	562
穿堂	3	563
銅錢	3	564
過來	3	565
之下	3	566
賭攤	3	567
成	21	568
采烈	3	569
定	30	570
洋錢	4	571
算	15	572
憤憤	3	573
墳	3	574
果然	3	575
不然	3	576
三	58	577
這可	3	578
不如	3	579
否則	3	580
太牢	3	581
同	24	582
捉	3	583
鬍	3	584
子	159	585
坐下	4	586
響	8	587
恨	5	588
咬	3	589
劈	3	590
地上	3	591
吐	3	592
一口	3	593
那些	3	594
兩手	5	595
叉	3	596
逃	9	597
滿足	4	598
屈辱	3	599
意外	3	600
遠遠	3	601
一條	4	602
歷來	3	603
出	81	604
報仇	3	605
棍子	3	606
喪棒	4	607
頭上	5	608
拍拍	3	609
反而	3	610
靜修	4	611
晦氣	3	612
賞	6	613
鑒	3	614
起見	3	615
擰	3	616
全身	3	617
絕孫	3	618
另	4	619
中國	3	620
一次	4	621
異樣	4	622
飛	8	623
指頭	3	624
總覺	3	625
女	38	626
褒	4	627
姒	3	628
可是	3	629
及	6	630
之類	3	631
誅心	3	632
而立	4	633
前	34	634
伊們	3	635
坐在	3	636
煙	5	637
例外	3	638
之前	3	639
放下	3	640
覺	32	641
搶	6	642
跪下	3	643
呀	5	644
嚷	4	645
牆壁	3	646
迴	3	647
背上	3	648
熱鬧	4	649
內	12	650
猛然	3	651
捏	4	652
翻身	3	653
夜間	3	654
送	5	655
五	16	656
明天	3	657
一封	3	658
答應	3	659
世上	3	660
其	39	661
原因	3	662
還在	3	663
舊	11	664
多日	3	665
賒	3	666
窮	3	667
不同	3	668
將手	3	669
我手	3	670
走過	3	671
一看	4	672
掉	5	673
此外	3	674
下面	3	675
追	8	676
滾	3	677
卻並	3	678
想道	3	679
替	4	680
銀	4	681
士別	3	682
刮目相待	3	683
如	26	684
張	16	685
麻醬	3	686
你們	3	687
閨中	3	688
固然	3	689
三百	3	690
九二	9	691
問道	4	692
背心	3	693
即刻	3	694
給	18	695
我要	4	696
大概	3	697
庭訓	3	698
便將	5	699
故事	3	700
斯	4	701
革	46	702
九月	3	703
十四日	3	704
蕩	3	705
素	4	706
崇正	3	707
未免	3	708
投降	3	709
斬	3	710
鄭賢弟	3	711
洋炮	3	712
皇	12	713
兩眼	3	714
回答	3	715
上午	3	716
消息	3	717
頂	11	718
政府	4	719
頭頂	3	720
竹筷	3	721
傘格	3	722
桃子	3	723
翰林	4	724
不行	3	725
懂	4	726
那人	6	727
轉彎	3	728
寧式	4	729
一隊	3	730
團丁	3	731
抓出	6	732
出柵欄門	3	733
大堂	3	734
兩旁	3	735
第二次	3	736
天地	3	737
追贓	3	738
當時	4	739
自	80	740
成因	3	741
我國	4	742
一九三一年	3	743
三月	3	744
山上	3	745
正義的	3	746
校釋	3	747
舊時	3	748
名稱	4	749
中說	6	750
故	8	751
作	26	752
原	18	753
其父	3	754
此何	3	755
遽	3	756
敖氏	3	757
誅意	3	758
製	3	759
一九一一	3	760
武昌	3	761
軍	6	762
序	3	763
靠	4	764
瞭然	2	765
萬分	2	766
不正	2	767
則言	2	768
不順	2	769
自傳	2	770
外傳	2	771
別傳	5	772
家傳	2	773
小傳	2	774
未曾	2	775
國史	5	776
館立	3	777
雖說	2	778
文豪	2	779
更司	3	780
是否	2	781
受	6	782
漿者	2	783
所用	2	784
三教九流	2	785
作為	2	786
書法	3	787
第二	18	788
立傳	2	789
通例	2	790
某	5	791
某地	2	792
第二日	2	793
鏜	2	794
旁	9	795
肅然	2	796
滿臉	3	797
喝道	3	798
不開口	2	799
搶進	2	800
確鑿	2	801
只用	2	802
一番	2	803
二百文	2	804
招	8	805
未必	2	806
名字	2	807
生日	2	808
寫作	2	809
一位	2	810
字樣	2	811
但據	2	812
獨秀辦	2	813
提倡	2	814
查	4	815
案卷	2	816
生怕	2	817
郡	5	818
註	2	819
解	4	820
決	10	821
正確	2	822
其餘	3	823
非	16	824
鑿	5	825
希望	2	826
考據	2	827
將來	2	828
記	25	829
略	10	830
不獨	2	831
姓名	2	832
渺茫	2	833
獨有	2	834
闊	6	835
人家	2	836
割麥	2	837
撐	2	838
還記	2	839
做工	2	840
真能	2	841
赤著膊	2	842
懶	2	843
洋洋	2	844
這話	2	845
喜歡	2	846
所有	2	847
居民	2	848
甚而	2	849
兩位	2	850
夫	6	851
寬	2	852
做成	2	853
條凳	2	854
加上	2	855
半寸	2	856
絲	2	857
真是	2	858
高	16	859
頭皮	2	860
幾處	2	861
貴	6	862
以及	2	863
光	16	864
燈	8	865
總還	2	866
改為	2	867
發	24	868
不配	2	869
這時候	2	870
癩頭	2	871
瘡	4	872
有點	4	873
底下	2	874
個響頭	2	875
世界	2	876
凡	3	877
這一種	2	878
精神	4	879
老子	2	880
歪著頭	2	881
說道	4	882
仍舊	3	883
給他	4	884
五六	3	885
自輕	2	886
自賤	2	887
除了	2	888
孤	7	889
如是	2	890
等等	2	891
克服	2	892
愉快	2	893
裡喝	2	894
蹲	3	895
青龍	2	896
四百	3	897
一百	6	898
一百五十	2	899
別個	2	900
他終	2	901
在後面	2	902
急	10	903
一直	2	904
塞翁	2	905
失馬	2	906
安知非福	2	907
失敗	2	908
左近	2	909
變成	2	910
角洋	2	911
大洋	2	912
架	2	913
腳步聲	2	914
本村	2	915
尋	14	916
忽忽	2	917
不樂	2	918
右手	2	919
臉上	6	920
熱剌	2	921
剌	4	922
雖然還	2	923
優勝	2	924
直待	2	925
不成	2	926
想到	2	927
威風	2	928
奇怪	2	929
父親	2	930
名人	3	931
相關	3	932
載	6	933
口碑	2	934
何	10	935
既然	2	936
彷佛	2	937
還怕	2	938
癢	2	939
這王	2	940
王	24	941
腮	2	942
看不上眼	2	943
簡直	2	944
脫下	2	945
工夫	2	946
三個	3	947
剝	2	948
最初	2	949
失望	2	950
少	12	951
狗	10	952
見面	4	953
滿	23	954
抓住	2	955
扭住	2	956
不動手	2	957
推	5	958
記憶	2	959
這大約	2	960
點	31	961
奚落	2	962
難道	2	963
考	8	964
惡	11	965
腿	3	966
直	16	967
三回	2	968
井	2	969
不肯	2	970
深惡	2	971
痛絕	2	972
假	31	973
禿兒	3	974
正氣	2	975
不由	3	976
輕輕	2	977
不料	2	978
這剎	2	979
指著	2	980
輕	9	981
將到	2	982
庵裡	3	983
今天	2	984
迎上去	2	985
咳	3	986
呸	2	987
伸出手	2	988
剃	3	989
趕快	2	990
識	9	991
愈加	2	992
興高	3	993
動得	2	994
不得	3	995
飛去	2	996
地	32	997
哈哈哈	2	998
勝利者	2	999
願意	3	1000
反覺	2	1001
無聊	2	1002
降	5	1003
死罪	2	1004
永遠	2	1005
證據	2	1006
打鼾	2	1007
容易	3	1008
斷子	3	1009
供	3	1010
不孝有三	2	1011
無後為	2	1012
若敖之鬼	2	1013
餒	3	1014
樣樣	2	1015
收其	2	1016
大半	3	1017
妲	3	1018
己	51	1019
弄	2	1020
董卓	2	1021
貂蟬	2	1022
之大防	2	1023
異端	2	1024
想引	2	1025
誘野	2	1026
講話	2	1027
勾當	2	1028
往往	2	1029
小石	2	1030
頭	82	1031
害得	2	1032
禮教	2	1033
不應	2	1034
蠱	2	1035
人叢	4	1036
時常	2	1037
吃過	2	1038
廚房裡	2	1039
吸旱	2	1040
倘在	2	1041
回去	3	1042
睡覺	2	1043
其一	2	1044
准其點	2	1045
其二	2	1046
哩	2	1047
這小	4	1048
生	42	1049
睏	2	1050
楞	2	1051
大叫	2	1052
忐忑	2	1053
慌張	3	1054
一下	2	1055
衝出	3	1056
忘八蛋	3	1057
米場	2	1058
深	8	1059
便動手	2	1060
尋聲	2	1061
尋到	2	1062
得出	2	1063
許多人	2	1064
不吃	2	1065
躲	2	1066
哼	2	1067
有趣	2	1068
兒	21	1069
身邊	2	1070
曾經	2	1071
這一場	2	1072
逃回	2	1073
自然而然	2	1074
進來	2	1075
教訓	2	1076
氈	3	1077
帽	5	1078
條件	2	1079
道士	2	1080
除	6	1081
鬼	32	1082
踏	3	1083
進趙府	2	1084
門檻	2	1085
棉被	2	1086
居然	2	1087
下來	4	1088
鞋底	2	1089
太陽	2	1090
仔細	2	1091
省悟	2	1092
張開	2	1093
模樣	2	1094
欠	5	1095
確乎	2	1096
人來	7	1097
事情	2	1098
回覆	2	1099
乏	4	1100
位置	2	1101
一揚	2	1102
幾天	2	1103
錢府	2	1104
鋼鞭	7	1105
拔	6	1106
一手	2	1107
錢家	2	1108
粉牆	2	1109
退	7	1110
的頭	4	1111
冒	2	1112
記著罷	2	1113
頭來	2	1114
不出	2	1115
路上	2	1116
一注	2	1117
四顧	2	1118
決計	2	1119
求食	4	1120
熟識	2	1121
饅頭	2	1122
並不	21	1123
不多時	2	1124
盡	2	1125
水田	2	1126
面	62	1127
遲疑	2	1128
四面	2	1129
扯	2	1130
抖	5	1131
鬱	2	1132
並未	2	1133
很圓	2	1134
縮	2	1135
退一步	2	1136
四個	3	1137
兜	4	1138
大襟	2	1139
阿彌陀佛	2	1140
偷蘿	2	1141
衣兜	2	1142
能	25	1143
略略	2	1144
幾塊	2	1145
主意	2	1146
驚異	2	1147
回	51	1148
早就	2	1149
告訴	2	1150
數	5	1151
便當	2	1152
掌櫃	2	1153
傳遍	2	1154
廟	3	1155
檐下	2	1156
探	7	1157
敬畏	2	1158
這人	2	1159
快意	4	1160
偶有	2	1161
三十二	2	1162
竹牌	2	1163
烏龜子	2	1164
殺頭麼	2	1165
揚起	2	1166
窩	2	1167
忽	24	1168
淺	3	1169
串	4	1170
想問	2	1171
之餘	2	1172
討論	2	1173
小心	2	1174
皮	9	1175
不少	2	1176
焦急	2	1177
緊	9	1178
到底	2	1179
喘吁吁	2	1180
踱	2	1181
開去	2	1182
這個	2	1183
說過	3	1184
剩	4	1185
候	25	1186
擔心	2	1187
結怨	2	1188
這路	2	1189
生意	2	1190
為然	2	1191
驅逐	2	1192
又將	2	1193
傳揚	2	1194
不利	2	1195
最先	2	1196
村人	3	1197
敬而遠	2	1198
一班	2	1199
畏	4	1200
矣	2	1201
宣統	2	1202
三年	2	1203
正午	2	1204
人心	2	1205
惟有	2	1206
寄存	2	1207
難	11	1208
城	34	1209
一向	2	1210
喝	13	1211
禁不住	2	1212
眼光	2	1213
酒醉	2	1214
令鏘	2	1215
怯怯	2	1216
父子	2	1217
回家	2	1218
商量	2	1219
搭	4	1220
和氣	5	1221
兩燭	3	1222
小屋	2	1223
閃閃	2	1224
同去	3	1225
擺	2	1226
不快	2	1227
嘴	10	1228
抬	13	1229
遲	4	1230
看時	2	1231
照舊	2	1232
靜	10	1233
漆黑	2	1234
革過	2	1235
洋鬼子	23	1236
拜訪	2	1237
咸與維新	2	1238
龍牌	2	1239
爐	4	1240
不來	3	1241
招呼	3	1242
准	13	1243
可怕	2	1244
不好	3	1245
改革	2	1246
辮	28	1247
鋪	2	1248
眼裡	2	1249
冷落	2	1250
大門	3	1251
中央	2	1252
一尺	2	1253
散	5	1254
劉海仙	2	1255
背	9	1256
不妥	2	1257
洪哥	2	1258
投	7	1259
吆喝	2	1260
前面	2	1261
器具	2	1262
上前	2	1263
屋子	2	1264
份	4	1265
抓進	5	1266
很快	2	1267
意	52	1268
恐慌	2	1269
兵	5	1270
機關	2	1271
二十	9	1272
剛剛	2	1273
滿頭	2	1274
精光	2	1275
光頭	3	1276
一處	2	1277
一把	2	1278
一抖	2	1279
羞愧	2	1280
畫得	3	1281
不圓	2	1282
主張	4	1283
示眾	3	1284
辭	2	1285
兵們	2	1286
發黑	2	1287
法場	2	1288
游街	2	1289
旋風	2	1290
腦裡	2	1291
旋	4	1292
龍虎斗	2	1293
喝采	2	1294
四年	3	1295
狼	3	1296
永是	2	1297
不近	2	1298
不遠	2	1299
皮肉	2	1300
咀嚼	2	1301
全家	2	1302
以來	2	1303
輿論	2	1304
斃	3	1305
十二月	2	1306
北京	2	1307
四日	5	1308
寫過	2	1309
收	6	1310
六年	3	1311
華蓋	3	1312
集續編	2	1313
左傳	2	1314
廢	4	1315
傳記	2	1316
史書	3	1317
史記	2	1318
歷代	2	1319
常有	2	1320
國史館	4	1321
編纂	2	1322
辛亥革命	2	1323
沿用	2	1324
Ｃ	2	1325
﹒	2	1326
ｙ	2	1327
攻擊	2	1328
用語	2	1329
蔡元培	2	1330
九家	2	1331
漢書	2	1332
諸子	2	1333
十家	2	1334
春秋	2	1335
竹	20	1336
文字	2	1337
羅	2	1338
字母	3	1339
每	9	1340
死者	2	1341
土地	2	1342
科舉	3	1343
進士	2	1344
賭注	2	1345
塞上	2	1346
皆	3	1347
吊	3	1348
為福乎	2	1349
按	2	1350
孟子	2	1351
離婁	2	1352
越椒長	2	1353
子良	4	1354
認為	2	1355
詞	2	1356
尚書	2	1357
妃子	2	1358
記載	2	1359
實際	2	1360
三十	6	1361
常用	2	1362
胤	3	1363
賭具	2	1364
麻將	2	1365
訛	3	1366
過庭	2	1367
崇禎	3	1368
明	27	1369
清朝	2	1370
種	17	1371
語句	2	1372
一行	2	1373
擔任	2	1374
第一章	1	1375
要給	1	1376
不止	1	1377
一兩年	1	1378
往回	1	1379
這足	1	1380
之筆	1	1381
須傳	1	1382
以文傳	1	1383
文以	1	1384
人傳	1	1385
而終	1	1386
結到	1	1387
有鬼	1	1388
速朽	1	1389
下筆	1	1390
困難	1	1391
孔子	1	1392
這原	1	1393
應	14	1394
該極	1	1395
注意	1	1396
繁多	1	1397
不合	1	1398
許多闊	1	1399
人排	1	1400
倘用	1	1401
又決	1	1402
神仙	1	1403
有大	2	1404
總統	1	1405
諭	1	1406
上並	1	1407
博徒	4	1408
則可	1	1409
我輩	1	1410
則	12	1411
同宗	1	1412
他子孫	1	1413
拜	4	1414
則阿Ｑ	1	1415
無別	1	1416
大傳	1	1417
而言	1	1418
著想	1	1419
文體	1	1420
卑下	1	1421
僭	1	1422
不入	2	1423
閒話	1	1424
休題	1	1425
言	10	1426
套話裡	1	1427
取出	1	1428
古人	2	1429
所撰	1	1430
字面上	1	1431
相混	1	1432
顧	5	1433
不得了	1	1434
開首	1	1435
我並	1	1436
姓什麼	1	1437
模糊	1	1438
鑼聲	1	1439
報到	1	1440
村裡	1	1441
正喝	1	1442
手舞足蹈	1	1443
這於	1	1444
光采	1	1445
因	61	1446
細細	1	1447
排起	1	1448
還比	1	1449
三輩	1	1450
其時	1	1451
起敬	1	1452
濺	1	1453
朱	2	1454
這渾	1	1455
生氣	1	1456
幾步	1	1457
姓趙麼	1	1458
往後退	1	1459
跳過	1	1460
給了	3	1461
配姓	1	1462
抗辯	1	1463
手摸	1	1464
左頰	1	1465
退出	1	1466
訓斥	1	1467
謝	1	1468
荒唐	1	1469
他大約	1	1470
真姓	1	1471
此後便	1	1472
氏族	1	1473
我終	1	1474
活著	1	1475
還會	1	1476
若論	1	1477
篇文章	1	1478
要算	3	1479
第一次	1	1480
先遇	1	1481
難關	1	1482
倘使	1	1483
他號	1	1484
亭	2	1485
有號	2	1486
許有號	1	1487
未嘗	1	1488
散過	1	1489
征文	1	1490
帖子	1	1491
武斷	1	1492
老兄	1	1493
令弟	1	1494
阿富	1	1495
有佐證	1	1496
其餘音	1	1497
偏僻	1	1498
湊不上	1	1499
問過	1	1500
兒子茂才	1	1501
博雅	1	1502
茫然	1	1503
結論	1	1504
國粹	1	1505
淪亡	1	1506
攷	1	1507
最	12	1508
手段	1	1509
同鄉	1	1510
犯事	1	1511
八個	1	1512
之後才	1	1513
回信	1	1514
裡並	1	1515
相近	1	1516
沒有查	1	1517
方法	1	1518
注音字母	1	1519
還未	2	1520
通行	1	1521
照英國	1	1522
拼法	1	1523
略作	1	1524
這近	1	1525
盲	1	1526
抱歉	1	1527
但茂才	1	1528
辦法	1	1529
第四	3	1530
倘他	1	1531
則據現	1	1532
照	17	1533
隴	1	1534
西天	1	1535
水人	1	1536
這姓	1	1537
可靠	1	1538
不定	1	1539
常常	1	1540
宿在	1	1541
別處	1	1542
乖史法	1	1543
聊以自慰	1	1544
絕無	1	1545
附會	1	1546
假借	1	1547
通人	1	1548
淺學	1	1549
所能	1	1550
門人們	1	1551
尋出	1	1552
新端緒	1	1553
消滅	1	1554
以上	1	1555
第二章	1	1556
優	3	1557
勝	18	1558
連他	1	1559
人口	1	1560
角	8	1561
瞪	1	1562
沒有家	1	1563
固定	1	1564
職業	1	1565
只給	1	1566
略長	1	1567
臨時	1	1568
主人	1	1569
忙碌	1	1570
記起	2	1571
一閒空	1	1572
連阿Ｑ	1	1573
伶仃	1	1574
摸	3	1575
不著	1	1576
真心	1	1577
譏笑	1	1578
自尊	1	1579
全不在	1	1580
不值一笑	1	1581
恐怕	1	1582
要變	1	1583
大受	1	1584
除有	1	1585
爹爹	1	1586
在精神上	1	1587
獨不表	1	1588
崇奉	1	1589
會闊	1	1590
幾	37	1591
回城	1	1592
自負	1	1593
鄙薄	1	1594
譬如	1	1595
三尺	1	1596
三寸	1	1597
木板	1	1598
凳子	1	1599
油煎	1	1600
大頭魚	1	1601
葉	2	1602
切細	1	1603
世面	1	1604
過城裡	1	1605
煎魚	2	1606
完人	1	1607
體質	1	1608
最惱	1	1609
何時	1	1610
癩瘡疤	2	1611
這雖然	1	1612
賴	1	1613
音	11	1614
推而廣	1	1615
亮	3	1616
再後來	1	1617
連	16	1618
燭	8	1619
一犯	1	1620
不問	2	1621
有心	1	1622
無心	1	1623
全疤	1	1624
發起	1	1625
怒來	1	1626
估量	1	1627
口訥	1	1628
氣力	1	1629
回事	1	1630
虧	1	1631
變換	1	1632
方針	1	1633
採用	1	1634
主義之	1	1635
一見面	1	1636
假作	1	1637
噲	1	1638
亮起	1	1639
怒	10	1640
保險燈	1	1641
他們並	1	1642
不怕	1	1643
沒有法	1	1644
另外	1	1645
出報	1	1646
你還	5	1647
他頭	2	1648
高尚	1	1649
光榮	1	1650
文說過	1	1651
犯忌	1	1652
抵觸	1	1653
往	9	1654
還不完	1	1655
撩	1	1656
終而	1	1657
形式	1	1658
打敗	1	1659
壁上	1	1660
四五	1	1661
一刻	1	1662
總算	1	1663
真不像樣	1	1664
每每	1	1665
出口	1	1666
勝利法	1	1667
每逢	1	1668
捏住	1	1669
打蟲豸	1	1670
好不好	1	1671
還不放麼	1	1672
並不放	1	1673
就近	1	1674
瘟	3	1675
十秒	1	1676
鐘	4	1677
餘下	1	1678
季	3	1679
妙法	1	1680
怨敵	1	1681
幾碗	1	1682
調笑	1	1683
口角	2	1684
了勝	2	1685
放倒頭	1	1686
地面	1	1687
夾在	2	1688
這中間	1	1689
最響	1	1690
咳開	1	1691
揭開	1	1692
盒子	1	1693
角回	1	1694
空	8	1695
歌吟	1	1696
輸入	1	1697
擠出	2	1698
堆外	1	1699
替別	1	1700
散場	1	1701
然後戀戀	1	1702
腫著	1	1703
真所謂	1	1704
不幸	1	1705
而贏	1	1706
莊賽	1	1707
做戲	1	1708
鑼鼓	1	1709
十里	1	1710
歌唱	1	1711
他贏	1	1712
又贏	1	1713
疊	1	1714
他興高	1	1715
兩塊	1	1716
打起	1	1717
罵聲	1	1718
打聲	1	1719
昏頭	1	1720
昏腦	1	1721
一大	1	1722
陣	2	1723
幾拳	1	1724
幾腳	1	1725
如有所失	1	1726
趕賽	1	1727
還到	1	1728
根柢	1	1729
很白	1	1730
很亮	1	1731
蟲豸罷	1	1732
苦痛	1	1733
轉敗	1	1734
為勝	1	1735
他擎	1	1736
連打	1	1737
便心	1	1738
平氣	1	1739
不久	1	1740
第三章	1	1741
續	6	1742
記略	1	1743
雖然常	1	1744
蒙趙太爺	1	1745
出了名	1	1746
付過	1	1747
而現	1	1748
起身	1	1749
唱著	1	1750
高人一等	1	1751
這在	1	1752
倘如	1	1753
阿七	1	1754
打阿八	1	1755
李四	1	1756
打張	1	1757
必須	1	1758
如趙太爺	1	1759
則打	1	1760
既有	1	1761
庇	1	1762
不會	3	1763
難解	1	1764
穩當	1	1765
如孔	1	1766
廟裡	1	1767
豬羊	1	1768
經聖人	1	1769
下箸	1	1770
先儒們	1	1771
妄動	1	1772
此後倒	1	1773
了許	2	1774
多年	1	1775
醉醺醺	1	1776
牆根	1	1777
日光	1	1778
虱子	1	1779
刪去	1	1780
癩字	1	1781
渺視	1	1782
為奇	2	1783
絡	3	1784
新奇	1	1785
令人	1	1786
並排	1	1787
倘是	1	1788
大意	1	1789
胡旁邊	1	1790
老實	1	1791
肯坐	1	1792
抬舉	1	1793
翻檢	1	1794
洗	2	1795
粗心	1	1796
三四	1	1797
嘴裡	1	1798
畢畢	1	1799
大失	1	1800
體統	1	1801
尋一	1	1802
好容易	1	1803
塞	8	1804
厚嘴唇	1	1805
狠命	1	1806
不及	1	1807
王胡響	1	1808
癩瘡	2	1809
疤塊	1	1810
塊	11	1811
摔	1	1812
這毛蟲	1	1813
癩皮	1	1814
王胡輕蔑	1	1815
抬起	1	1816
眼來	1	1817
高傲	1	1818
打慣	1	1819
還膽怯	1	1820
武勇	1	1821
東	21	1822
西	22	1823
出言	1	1824
無狀麼	1	1825
認便	1	1826
骨頭	1	1827
披上	1	1828
一拳	1	1829
這拳頭	1	1830
還未達	1	1831
一拉	1	1832
蹌蹌	1	1833
踉踉	1	1834
跌	2	1835
要拉到	1	1836
牆	15	1837
碰頭	1	1838
動口	1	1839
不理	1	1840
一連給	1	1841
五下	1	1842
跌出	1	1843
六尺	1	1844
多遠	1	1845
第一件	1	1846
胡以絡	1	1847
缺	5	1848
說動手	1	1849
他現	1	1850
竟動手	1	1851
真如市	1	1852
家減	1	1853
小覷	1	1854
他麼	1	1855
無可適	1	1856
對頭	1	1857
最厭	1	1858
錢太爺	3	1859
大兒子	1	1860
裡去	12	1861
進洋學堂	1	1862
東洋	1	1863
半年	1	1864
之後他	1	1865
大哭	1	1866
十幾場	1	1867
這辮子	1	1868
灌醉	1	1869
大官	1	1870
留長	1	1871
偏稱	1	1872
叫作	1	1873
裡通	1	1874
外國	1	1875
暗暗	1	1876
咒	2	1877
尤其	1	1878
做人	1	1879
資格	1	1880
第四回	1	1881
驢	1	1882
裡罵	1	1883
過聲	1	1884
忿	1	1885
這禿兒	1	1886
漆	5	1887
大踏步	1	1888
抽緊	1	1889
筋骨	1	1890
聳	2	1891
肩膀	1	1892
等候	1	1893
近旁	1	1894
分辯	1	1895
第二件	1	1896
完結	1	1897
祖傳	1	1898
寶貝	1	1899
效力	1	1900
門口	3	1901
平時	1	1902
唾罵	1	1903
而況	1	1904
回憶	1	1905
敵愾	1	1906
不睬	1	1907
低了頭	1	1908
身旁	1	1909
摩著	1	1910
伊新	1	1911
呆笑	1	1912
快回去	1	1913
怎麼動	1	1914
手動	1	1915
勛	1	1916
業	3	1917
我動	1	1918
面頰	1	1919
放手	1	1920
這一戰	1	1921
報	8	1922
仇	5	1923
這斷子	1	1924
九分	1	1925
第四章	1	1926
戀愛的	1	1927
悲劇	1	1928
敵手	1	1929
如虎	1	1930
如鷹	1	1931
感得	1	1932
歡喜	2	1933
如羊	1	1934
如小雞	1	1935
當	19	1936
死的死	1	1937
臣	1	1938
誠惶誠恐	1	1939
敵人	1	1940
悽	1	1941
涼	1	1942
寂寞	1	1943
悲哀	1	1944
這樣乏	1	1945
精神文明	1	1946
冠	2	1947
全球	1	1948
哪	1	1949
大半天	1	1950
飄進	1	1951
這一晚	1	1952
合眼	1	1953
大拇指	1	1954
指有點	1	1955
滑膩些	1	1956
一點	3	1957
粘	1	1958
指上	1	1959
磨得	1	1960
裡又聽	1	1961
這句	1	1962
不錯	1	1963
一碗	1	1964
大哀	1	1965
合	7	1966
聖	3	1967
經賢傳	1	1968
但大約	1	1969
即此	1	1970
一端	1	1971
害人	1	1972
做聖賢	1	1973
毀掉	1	1974
商是	1	1975
鬧亡	1	1976
周是	1	1977
秦	1	1978
雖然史	1	1979
明文	1	1980
假定	1	1981
確給	1	1982
害死	1	1983
正人	1	1984
蒙什麼	1	1985
明師	1	1986
授過	1	1987
嚴	2	1988
排斥	1	1989
如小	2	1990
學說	1	1991
私通	1	1992
一男一女	1	1993
懲治	1	1994
幾句	2	1995
冷僻	1	1996
從後面	1	1997
擲	1	1998
這飄飄然	1	1999
女人真	1	2000
一層布	1	2001
五六年	1	2002
曾在戲	1	2003
過一個	1	2004
大腿	1	2005
隔	2	2006
一層	2	2007
褲	4	2008
此後並	1	2009
不飄飄然	1	2010
這也足	1	2011
伊並	1	2012
伊又並	1	2013
關於什麼	1	2014
哦	1	2015
節	9	2016
全都	1	2017
要裝	1	2018
假正經	1	2019
別家	2	2020
定例	1	2021
掌燈	1	2022
一吃	1	2023
完便	1	2024
偶然	1	2025
未進	1	2026
燈讀	1	2027
這一條	1	2028
動手	9	2029
唯一	1	2030
女僕	1	2031
洗完	1	2032
碗碟	1	2033
談閒天	1	2034
兩天	1	2035
裡要	1	2036
煙管	2	2037
還嘮叨	1	2038
一剎時	1	2039
寂然	1	2040
一息	1	2041
發抖	1	2042
著往	1	2043
手扶	1	2044
著空	1	2045
板凳	1	2046
糟	1	2047
這時確	1	2048
將煙管	1	2049
插	1	2050
褲帶	2	2051
蓬	2	2052
很粗	1	2053
急忙	1	2054
轉身	1	2055
抱頭	1	2056
指節	1	2057
廚房門	1	2058
官話	1	2059
奔入	1	2060
還覺	1	2061
不用	1	2062
專是	1	2063
官府	1	2064
闊人用	1	2065
印象	1	2066
打罵	1	2067
收束	1	2068
窐	1	2069
礙	1	2070
熱起	1	2071
歇	1	2072
手脫	1	2073
很熱鬧	1	2074
最愛看	1	2075
內院裡	1	2076
昏黃中	1	2077
辨	1	2078
一家	1	2079
連兩日	1	2080
還有間	1	2081
壁	6	2082
真正	1	2083
正拖著	1	2084
下房	1	2085
房裡	3	2086
正經	2	2087
短見	1	2088
萬萬尋	1	2089
夾些	1	2090
鬧著	1	2091
玩意	1	2092
奔	2	2093
間悟	1	2094
不圖	1	2095
這支	1	2096
阻	2	2097
去路	1	2098
後門	1	2099
皮膚	1	2100
慄	1	2101
冷	5	2102
春季	1	2103
餘寒	1	2104
尚	13	2105
不宜	1	2106
留在	1	2107
去取	1	2108
深怕	1	2109
連趙家	1	2110
佣人	1	2111
調戲	1	2112
云云	1	2113
臨末	1	2114
加倍	1	2115
四百文	1	2116
便用	1	2117
一頂	1	2118
抵押	1	2119
訂定	1	2120
用紅燭	1	2121
一斤	1	2122
重	3	2123
一對	1	2124
香	3	2125
賠罪	1	2126
二	49	2127
祓	1	2128
縊	1	2129
費用	1	2130
負擔	1	2131
倘有	1	2132
不測	1	2133
惟	3	2134
是問	1	2135
索取	1	2136
工錢	1	2137
無用	1	2138
便質	1	2139
二千	1	2140
履行	1	2141
條約	1	2142
磕頭	1	2143
還剩	1	2144
幾文	1	2145
贖	1	2146
統統	1	2147
喝了酒	1	2148
但趙家	1	2149
並不燒	1	2150
香點燭	1	2151
拜佛	1	2152
留著	1	2153
那破	1	2154
間生	1	2155
襯	1	2156
尿布	1	2157
小半	2	2158
破爛	1	2159
第五章	1	2160
計	5	2161
問	15	2162
題	3	2163
禮畢	1	2164
躺倒	1	2165
經照	1	2166
西牆	2	2167
上頭	1	2168
身	21	2169
仍	10	2170
逛	1	2171
之有	1	2172
切膚	1	2173
之痛	1	2174
羞	3	2175
走來	4	2176
便個	1	2177
進門裡	1	2178
將近	2	2179
五十	3	2180
著別	1	2181
人亂	1	2182
鑽	1	2183
十一	4	2184
女兒	2	2185
很以	1	2186
奇	7	2187
學起	1	2188
小姐	1	2189
這娼	1	2190
婦們	1	2191
是許	2	2192
管	7	2193
說些	1	2194
廢話	1	2195
其三	1	2196
記不清	1	2197
多少	1	2198
日	30	2199
有許	2	2200
熬	1	2201
罷了	3	2202
催	1	2203
嚕	1	2204
囌	1	2205
就算	1	2206
這委實	1	2207
忍	1	2208
老主顧	1	2209
探問	1	2210
獨不許	1	2211
現了	2	2212
煩厭	1	2213
相貌	1	2214
乞丐	1	2215
搖手	1	2216
愈覺	1	2217
稀奇	2	2218
少不了	1	2219
無事	1	2220
這總該	1	2221
蹊蹺	1	2222
有事	1	2223
竟謀	1	2224
碗	7	2225
這一氣	1	2226
當氣	1	2227
照壁	1	2228
前遇	1	2229
仇人	1	2230
相見份	1	2231
眼明	1	2232
嘴角	1	2233
飛出	1	2234
好麼	1	2235
這謙遜	1	2236
反使	1	2237
憤怒	1	2238
撲	1	2239
伸手	1	2240
護住	2	2241
將空著	1	2242
手護	2	2243
看來	1	2244
齒數	1	2245
不下	2	2246
便成	1	2247
勢均力	1	2248
敵	5	2249
現象	1	2250
手拔	1	2251
顆頭	1	2252
腰	6	2253
映出	1	2254
藍色	1	2255
虹	1	2256
形	9	2257
半點	2	2258
鐘之久	1	2259
勸	2	2260
解勸	2	2261
煽動	1	2262
半點鐘	2	2263
少有	1	2264
自鳴鐘	1	2265
很難	1	2266
二十分	1	2267
裡便	2	2268
額上	1	2269
流汗	1	2270
一瞬	1	2271
直起	1	2272
退開	1	2273
擠	2	2274
出人叢	1	2275
回過頭	2	2276
回過	2	2277
龍虎鬥	1	2278
並無勝敗	1	2279
發什麼	1	2280
議論	1	2281
一日	1	2282
很溫	1	2283
微風	1	2284
拂拂	1	2285
夏意	1	2286
寒冷	1	2287
這還	1	2288
擔當	1	2289
氈帽	3	2290
棉襖	1	2291
褲子	1	2292
萬	10	2293
脫	4	2294
有破	1	2295
送人	1	2296
決定	1	2297
拾得	1	2298
至今	1	2299
破屋	1	2300
屋內	1	2301
空虛	1	2302
出門求	1	2303
食去	1	2304
走著要	1	2305
暫停	1	2306
想要	1	2307
所求	1	2308
這類	1	2309
他求	1	2310
未莊本	1	2311
大村鎮	1	2312
村外	1	2313
滿眼	1	2314
新秧	1	2315
嫩	1	2316
綠	2	2317
夾著	1	2318
圓形	1	2319
活動	1	2320
黑點	1	2321
耕田	1	2322
農夫	1	2323
並不賞	1	2324
田家	1	2325
樂	3	2326
直覺	1	2327
這與	1	2328
之道	1	2329
遼遠	1	2330
牆外	2	2331
週圍	1	2332
突出	1	2333
綠裡	1	2334
低土	1	2335
牆裡	1	2336
菜園	1	2337
並沒	5	2338
這矮牆	1	2339
何首	1	2340
烏藤	1	2341
泥土	1	2342
簌簌	1	2343
索索	1	2344
終於攀	1	2345
著桑樹枝	1	2346
跳到	1	2347
靠西牆	1	2348
竹叢	1	2349
許多筍	1	2350
煮熟	1	2351
油菜	1	2352
結子	1	2353
芥菜	1	2354
已將	1	2355
開花	1	2356
小白菜	1	2357
落第	1	2358
冤屈	1	2359
園門	1	2360
驚喜	1	2361
一畦	1	2362
老蘿	1	2363
蹲下	1	2364
便拔	1	2365
而門口	1	2366
伸出	3	2367
之流	1	2368
本來視	1	2369
草芥	1	2370
世事	1	2371
須	4	2372
拔起	1	2373
青葉	1	2374
進園裡	1	2375
罪過	1	2376
唷	1	2377
我什麼	1	2378
跳進	2	2379
園裡	2	2380
看且	1	2381
你麼	1	2382
完話	1	2383
拔步	1	2384
追來	1	2385
一匹	1	2386
肥大	1	2387
這本來	1	2388
前門	1	2389
怎	16	2390
到後園	1	2391
已經要	1	2392
落下	1	2393
那狗給	1	2394
一嚇	1	2395
桑樹	3	2396
跨到	1	2397
土牆	2	2398
連人	1	2399
出牆	1	2400
剩著	1	2401
著桑樹嗥	1	2402
念佛	1	2403
放出	1	2404
拾起	1	2405
沿路	1	2406
檢了	2	2407
拋	1	2408
石塊	1	2409
東西尋	1	2410
待三個	1	2411
完時	1	2412
打定	1	2413
第六章	1	2414
中興到	1	2415
末路	1	2416
剛過	1	2417
這年	1	2418
中秋	1	2419
幾回	2	2420
過管	1	2421
何況	1	2422
宣傳	1	2423
社會	1	2424
值得	1	2425
天色	1	2426
將黑	1	2427
睡眼	1	2428
矇矓	1	2429
門前	1	2430
櫃	4	2431
檯	1	2432
銅的	1	2433
櫃上	1	2434
扔	1	2435
打酒	1	2436
看去	1	2437
還掛	1	2438
搭連	3	2439
沉鈿鈿	1	2440
將褲	1	2441
墜成	1	2442
弧線	1	2443
看見略	1	2444
醒目	1	2445
其慢	1	2446
寧敬	1	2447
雖然明	1	2448
兩樣	1	2449
古人云	1	2450
堂倌	1	2451
酒客	1	2452
顯出	1	2453
疑	5	2454
敬	17	2455
形態	1	2456
以點頭	1	2457
繼之以	1	2458
談話	1	2459
新聞	2	2460
全未莊	1	2461
人人	1	2462
中興史	1	2463
茶館裡	1	2464
這結果	1	2465
這老爺	1	2466
本姓	1	2467
合城裡	1	2468
再冠姓	1	2469
說起	1	2470
舉人來	1	2471
一百里	1	2472
方圓	1	2473
那當然	1	2474
可敬	1	2475
這舉	1	2476
嘆息	1	2477
滿意	6	2478
這就	1	2479
將長	1	2480
凳稱	1	2481
煎	3	2482
魚用	1	2483
最近	1	2484
觀察	1	2485
所得	1	2486
走路	1	2487
扭	3	2488
佩服	1	2489
連小	1	2490
精熟	1	2491
十幾歲	1	2492
小鬼	1	2493
閻王	1	2494
赧然	1	2495
唉	1	2496
搖搖頭	1	2497
凜然	1	2498
照著	1	2499
伸長	1	2500
脖子	1	2501
項	1	2502
王胡驚	1	2503
電光	1	2504
石火	1	2505
了頭	4	2506
悚然	1	2507
欣然	1	2508
瘟頭	1	2509
瘟腦	1	2510
的許	1	2511
地位	1	2512
超過	1	2513
但謂	1	2514
差不多	1	2515
語病	1	2516
多久	1	2517
這阿Ｑ	1	2518
大名	1	2519
兩姓	1	2520
大屋	1	2521
十之九	1	2522
閨	6	2523
神異	1	2524
面時	1	2525
藍綢裙	1	2526
只化	1	2527
九角	1	2528
一說	1	2529
待考	1	2530
大紅洋紗衫	1	2531
七成	1	2532
眼巴巴	1	2533
缺綢裙	1	2534
買綢裙	1	2535
要洋紗衫	1	2536
買洋紗衫	1	2537
逃避	1	2538
追上去	1	2539
叫住	1	2540
還有綢	1	2541
裙麼	1	2542
紗衫	5	2543
有罷	1	2544
這終	1	2545
閨傳	1	2546
進深	1	2547
閨裡	1	2548
將伊	2	2549
綢	6	2550
裙	6	2551
著實	1	2552
恭維	1	2553
桌上	1	2554
門窗	1	2555
許有點	1	2556
東西罷	1	2557
正想	1	2558
價廉	1	2559
物美	1	2560
家族	1	2561
決議	1	2562
尋阿Ｑ	1	2563
為此	1	2564
新闢	1	2565
種的	1	2566
姑且	1	2567
特准	1	2568
點油燈	1	2569
油燈	2	2570
幹	1	2571
全眷	1	2572
打著	1	2573
呵欠	2	2574
太飄	1	2575
或怨	1	2576
慮	1	2577
當面	1	2578
鄒七嫂氣	1	2579
似笑非笑	1	2580
打量	1	2581
舊東西	1	2582
看一看	1	2583
這也並	1	2584
不覺	1	2585
失聲	1	2586
那裡會	1	2587
完得	1	2588
總該	2	2589
一點罷	1	2590
張門幕	1	2591
門幕來	1	2592
看看	1	2593
慌忙	1	2594
拿來	2	2595
甚熱心	1	2596
以後有	1	2597
儘	1	2598
價錢	1	2599
決不會	1	2600
比別家	1	2601
出得少	1	2602
忙	13	2603
一瞥	1	2604
感動	1	2605
放在心上	1	2606
這使	1	2607
氣憤	2	2608
停止	1	2609
打呵欠	1	2610
態度	1	2611
這忘八蛋	1	2612
提防	1	2613
吩咐	1	2614
不許	2	2615
這也怕	1	2616
老鷹	1	2617
下食	1	2618
夜裡	2	2619
警醒	1	2620
之以	3	2621
撤消	1	2622
提議	1	2623
叮囑	1	2624
伊萬	1	2625
一段	1	2626
藍裙	1	2627
染	1	2628
皂	1	2629
可疑	1	2630
之點	1	2631
確沒有	1	2632
這已經	1	2633
尋上門	1	2634
取	6	2635
門幕	3	2636
不還	1	2637
議定	1	2638
每月	1	2639
孝敬	1	2640
變相	1	2641
放肆	1	2642
遠避	1	2643
防	4	2644
混著	1	2645
分子	1	2646
根究	1	2647
底	10	2648
底細	1	2649
並不諱飾	1	2650
傲然	1	2651
經驗	2	2652
小腳色	1	2653
上牆	1	2654
進洞	1	2655
洞	2	2656
外接	1	2657
他剛	2	2658
纔	1	2659
接到	1	2660
包	1	2661
正手	1	2662
不一會	1	2663
得裡面	1	2664
大嚷	2	2665
連夜	1	2666
出城	1	2667
未莊來	1	2668
本因	1	2669
偷	4	2670
偷兒	1	2671
這實	1	2672
第七章	1	2673
將搭連	1	2674
賣給	1	2675
四點	1	2676
烏篷	1	2677
河埠頭	1	2678
這船	1	2679
黑漆漆	1	2680
熟	5	2681
時將	1	2682
黎明	1	2683
探頭	1	2684
探腦	1	2685
調查	1	2686
結果	2	2687
竟是	3	2688
那船	1	2689
將大	1	2690
不安	1	2691
載給	1	2692
全村	1	2693
搖動	1	2694
使命	1	2695
秘密	1	2696
茶坊	1	2697
酒肆	1	2698
裡卻	3	2699
革命黨要	1	2700
逃難	1	2701
不以	1	2702
幾口	1	2703
衣箱	1	2704
轉去	1	2705
相識	1	2706
理本	1	2707
共患	1	2708
情誼	1	2709
鄰居	1	2710
見聞	1	2711
切近	2	2712
伊對	1	2713
謠言	1	2714
旺盛	1	2715
親到	2	2716
家排	1	2717
轉折親	1	2718
肚裡	1	2719
一輪	1	2720
總不會	1	2721
留下	1	2722
現就塞	1	2723
個個	2	2724
穿著	1	2725
到過	1	2726
今年	1	2727
親眼	1	2728
意見	1	2729
殊	1	2730
這卻	2	2731
百里	2	2732
聞名	1	2733
神往	1	2734
一群	1	2735
鳥	2	2736
慌	6	2737
也好	1	2738
這伙媽媽	1	2739
太可惡	1	2740
可恨	1	2741
用度	1	2742
窘	2	2743
午間	1	2744
空肚	1	2745
醉得	1	2746
一來	1	2747
俘	1	2748
虜	1	2749
驚懼	1	2750
可憐	1	2751
舒服	1	2752
六月	1	2753
雪水	1	2754
喊道	1	2755
我歡	1	2756
喜	5	2757
呀呀	1	2758
大門口論	1	2759
昂	1	2760
頭直	1	2761
唱過	1	2762
迎	4	2763
低聲	1	2764
料	8	2765
字聯	1	2766
結起	1	2767
與己	1	2768
無干	1	2769
直呼其名	1	2770
歪	3	2771
頭問	1	2772
發財麼	1	2773
哥	5	2774
惴惴的	1	2775
想探	1	2776
口風	1	2777
總比	1	2778
自去	1	2779
憮然	1	2780
點燈	3	2781
連來	1	2782
交給	1	2783
藏	1	2784
箱底	1	2785
經醒	1	2786
透	2	2787
管祠	1	2788
喝茶	1	2789
兩個餅	1	2790
點過	1	2791
樹燭	1	2792
點起	1	2793
獨自	1	2794
新鮮	1	2795
燭火	1	2796
元夜	1	2797
迸	2	2798
一陣	1	2799
板刀	1	2800
炸彈	1	2801
三尖	1	2802
兩刃	1	2803
刀	3	2804
鉤	1	2805
鐮槍	1	2806
一同	1	2807
一夥鳥	1	2808
好笑	1	2809
饒命	1	2810
留幾條麼	1	2811
王胡本	1	2812
還可留	1	2813
直走	1	2814
打開	1	2815
元	9	2816
洋紗衫	4	2817
張寧式	1	2818
桌椅	1	2819
打嘴巴	1	2820
妹子	1	2821
真丑	1	2822
女兒過	1	2823
幾年	1	2824
嚇	3	2825
眼胞	1	2826
疤	4	2827
吳媽長	1	2828
腳太大	1	2829
停當	1	2830
已經發	1	2831
鼾聲	1	2832
四兩燭	3	2833
還只	1	2834
點去	1	2835
紅焰焰	1	2836
光照	1	2837
荷荷	1	2838
頭倉	1	2839
倒頭	2	2840
肚餓	1	2841
想不起	1	2842
跨	2	2843
開步	1	2844
有意	1	2845
無意	3	2846
時節	1	2847
的門	5	2848
前去	1	2849
打門	1	2850
急急	1	2851
拾	3	2852
斷磚	1	2853
打到	1	2854
黑門	1	2855
生出	1	2856
麻點	1	2857
開門	1	2858
連忙	1	2859
磚頭	1	2860
開馬步	1	2861
準備	1	2862
開戰	1	2863
庵門	1	2864
只開	1	2865
縫	2	2866
並無	6	2867
伊大	1	2868
一驚	1	2869
含胡	1	2870
一革	1	2871
革得	1	2872
怎麼樣	1	2873
經來	1	2874
很出	1	2875
一錯	1	2876
愕	1	2877
失	11	2878
銳氣	1	2879
飛速	1	2880
關了門	1	2881
推時	1	2882
牢	4	2883
開	22	2884
打時	1	2885
靈	2	2886
一早	1	2887
相能	1	2888
談	4	2889
投機	1	2890
情投意合	1	2891
同志	1	2892
相約	1	2893
出靜	1	2894
修庵裡	2	2895
萬歲	2	2896
萬萬歲	1	2897
趕	9	2898
緊革掉	1	2899
同到	1	2900
阻擋	1	2901
三句	1	2902
將伊當	1	2903
作滿	1	2904
很給	1	2905
栗鑿	1	2906
神來	1	2907
檢點	1	2908
已經碎	1	2909
觀音	1	2910
娘娘	1	2911
座前	1	2912
這事	1	2913
悔	6	2914
深怪	1	2915
革命黨麼	1	2916
第八章	1	2917
莊	45	2918
日見	1	2919
其安靜	1	2920
傳來	1	2921
大異樣	1	2922
知縣	1	2923
原官	1	2924
改稱	1	2925
明白	1	2926
官	13	2927
帶兵	1	2928
革命黨夾	1	2929
搗亂	1	2930
鄰村	1	2931
航船	1	2932
七斤	1	2933
人樣子	1	2934
這卻還	1	2935
恐怖	1	2936
莊人本	1	2937
變了計	1	2938
這危險	1	2939
尋他	1	2940
老朋友	1	2941
一得	1	2942
作罷	1	2943
逐漸	1	2944
增加	1	2945
茂	6	2946
夏天	1	2947
打一個	1	2948
結	11	2949
稀奇事	1	2950
但現	1	2951
暮秋	1	2952
秋行夏令	1	2953
辮家	1	2954
不能不	1	2955
英斷	1	2956
無關	1	2957
腦後空	1	2958
革命黨來	1	2959
聽到	3	2960
羨慕	1	2961
大新聞	1	2962
照樣	1	2963
學樣	1	2964
定下	1	2965
實行	1	2966
決心	1	2967
多時	4	2968
放膽	1	2969
不說	5	2970
當初	1	2971
鬧脾氣	1	2972
生活	1	2973
並不比	1	2974
艱難	1	2975
人見	1	2976
客氣	1	2977
店	13	2978
失意	1	2979
革了	2	2980
氣破	1	2981
肚皮	1	2982
萬料	1	2983
拗斷	1	2984
批	1	2985
聊且	1	2986
懲罰	1	2987
生辰八字	1	2988
罪	7	2989
終於饒	1	2990
單是	1	2991
這幾日裡	1	2992
淵源	1	2993
親身	1	2994
危險	2	2995
中止	1	2996
他給	1	2997
紹介紹介	1	2998
討還	1	2999
四塊洋	1	3000
掛在	1	3001
驚服	1	3002
抵得	1	3003
驟然	1	3004
大闊	1	3005
遠過	1	3006
初雋	1	3007
目空一切	1	3008
時刻	1	3009
刻感	1	3010
一聽	1	3011
這銀	1	3012
立即	1	3013
悟出	1	3014
之所以	1	3015
單說	1	3016
盤上	1	3017
結識	1	3018
道路	1	3019
正開	1	3020
一到	1	3021
只見	1	3022
正站	2	3023
院子	1	3024
一身	1	3025
烏黑	1	3026
洋衣	1	3027
也掛	1	3028
領教過	1	3029
留到	1	3030
多長	2	3031
拆開	1	3032
肩	2	3033
蓬頭	1	3034
挺直	1	3035
必恭必敬	1	3036
洋人	1	3037
叫洋	1	3038
了罷	2	3039
講得	1	3040
正起	1	3041
勁	1	3042
性急	1	3043
動手罷	1	3044
洋話	1	3045
成功	1	3046
正是	1	3047
做事	2	3048
再三再四	1	3049
湖北	1	3050
肯	4	3051
願	3	3052
意在	1	3053
這小縣	1	3054
唔	1	3055
終於用	1	3056
十二分	1	3057
勇氣	1	3058
開口	3	3059
並不叫	1	3060
他洋	1	3061
說話	2	3062
回顧	1	3063
喪棒來	1	3064
還不聽麼	1	3065
向頭	1	3066
遮	1	3067
不自覺	1	3068
逃出	1	3069
門外	2	3070
六	9	3071
十多步	1	3072
湧起	1	3073
懮	1	3074
愁	1	3075
此決	1	3076
抱負	1	3077
志	5	3078
嚮	1	3079
前程	1	3080
一筆	1	3081
勾銷	1	3082
給小	1	3083
輩	3	3084
經驗過	1	3085
意味	1	3086
侮蔑	1	3087
很想	3	3088
竟放	1	3089
他游到	1	3090
下肚	1	3091
裡才	1	3092
碎片	1	3093
混到	1	3094
夜深	1	3095
關門	1	3096
吧	1	3097
聽得	9	3098
爆竹	1	3099
愛看	2	3100
愛管	1	3101
閒事	1	3102
暗中	1	3103
直尋過	1	3104
逃來	1	3105
看後面	1	3106
並無什麼	1	3107
氣	29	3108
心	43	3109
怦怦	1	3110
膽大	1	3111
絡繹的將	1	3112
還想	1	3113
兩只	1	3114
有動	2	3115
黑暗	1	3116
裡很寂	1	3117
寂靜到	1	3118
像羲	1	3119
太平	2	3120
看到	1	3121
發煩	1	3122
抬得	1	3123
不信	1	3124
祠裡	3	3125
裡更	1	3126
他關	1	3127
摸進	1	3128
這才定	1	3129
發出關	1	3130
明明	1	3131
並不來	1	3132
打招呼	1	3133
許多好	1	3134
這全	1	3135
這次何	1	3136
越想	1	3137
越氣	1	3138
滿心	1	3139
痛恨	1	3140
毒毒	1	3141
點一點頭	1	3142
罪名	1	3143
總要	1	3144
告一狀	1	3145
縣裡	1	3146
滿門	1	3147
抄	1	3148
第九章	1	3149
團	4	3150
圓	13	3151
四天	1	3152
半夜	1	3153
裡忽	2	3154
進縣	2	3155
恰是	1	3156
暗夜	1	3157
警察	1	3158
五個	2	3159
偵探	1	3160
悄悄地	1	3161
乘	1	3162
昏暗	1	3163
圍住	1	3164
正對門	1	3165
不衝出	1	3166
許多時	1	3167
動靜	1	3168
懸	1	3169
千的賞	2	3170
險	4	3171
口止	1	3172
俞垣	1	3173
裡應	1	3174
外合	1	3175
一擁	1	3176
而入	1	3177
將阿Ｑ	2	3178
擒出	1	3179
祠	20	3180
清醒	1	3181
攙進	1	3182
一所	1	3183
衙門	2	3184
轉了	1	3185
一間	1	3186
一蹌	1	3187
踉	3	3188
那用	1	3189
整株	1	3190
木料	1	3191
柵欄門	6	3192
闔	1	3193
三面	1	3194
屋角	1	3195
苦悶	1	3196
臥室	1	3197
這間	1	3198
高明	1	3199
祖父	1	3200
欠下	1	3201
租	1	3202
問阿Ｑ	1	3203
爽利	1	3204
答道	1	3205
半天	2	3206
剃得	1	3207
疑心	1	3208
一排	1	3209
十幾個	1	3210
這老頭子	1	3211
有將	1	3212
來長	1	3213
背後像	1	3214
一臉	1	3215
橫肉	1	3216
來歷	1	3217
膝	1	3218
關節	1	3219
懂得	1	3220
站不住	1	3221
身不由己	1	3222
趁勢	1	3223
奴隸性	1	3224
鄙夷	1	3225
實招	1	3226
來罷	1	3227
免得	1	3228
吃苦	1	3229
那光頭	1	3230
沉靜	1	3231
清楚	1	3232
招罷	1	3233
我本來	1	3234
胡里	1	3235
胡塗	1	3236
這才斷	1	3237
斷續續	1	3238
氣的問	3	3239
此刻	1	3240
同黨	1	3241
那一晚	1	3242
打劫	1	3243
一夥人	1	3244
搬走	1	3245
走到	3	3246
更和氣	1	3247
眼色	1	3248
進柵欄	2	3249
門裡	2	3250
說麼	1	3251
張紙	1	3252
筆	10	3253
送到	1	3254
要將	1	3255
筆塞	1	3256
魂	3	3257
飛魄	1	3258
筆相關	1	3259
初次	1	3260
教	12	3261
他畫	1	3262
花押	1	3263
不認	1	3264
了筆	1	3265
惶恐	1	3266
慚愧	1	3267
便宜	1	3268
畫一個	1	3269
要畫	2	3270
那手	1	3271
筆卻	1	3272
將紙	1	3273
伏下去	1	3274
平生	1	3275
力畫	1	3276
立志	1	3277
畫得圓	1	3278
惡的筆	1	3279
沉重	1	3280
合縫	1	3281
一聳	1	3282
畫成	1	3283
瓜子	1	3284
不計	1	3285
掣	1	3286
紙筆	1	3287
進柵欄門	2	3288
柵欄	7	3289
懊惱	1	3290
時要	2	3291
紙上	2	3292
畫圓圈	3	3293
圈	6	3294
污點	1	3295
釋然	1	3296
孫子	1	3297
嘔	1	3298
氣了	4	3299
總主張	1	3300
總近	1	3301
不將	1	3302
拍案	1	3303
打凳	1	3304
懲一儆百	1	3305
還不上	1	3306
二十天	1	3307
搶案	1	3308
十幾件	1	3309
全不	3	3310
破案	1	3311
面子	1	3312
案	6	3313
迂	1	3314
我管	1	3315
窘急	1	3316
還堅持	1	3317
幫辦	1	3318
民政	1	3319
職務	1	3320
便罷	1	3321
第三次	1	3322
還坐	2	3323
很和氣	1	3324
話麼	1	3325
許多長	1	3326
短衫	1	3327
洋布	1	3328
黑字	1	3329
很氣苦	1	3330
像是	1	3331
帶孝	2	3332
孝	6	3333
反縛	1	3334
衙門外	1	3335
一輛	1	3336
沒有篷	1	3337
的車	1	3338
短衣	1	3339
這車	1	3340
走動	1	3341
許多張	1	3342
看客	1	3343
覺到	1	3344
這豈	1	3345
一急	1	3346
全發昏	1	3347
泰然	1	3348
還認	1	3349
要示	2	3350
眾罷	1	3351
繞	1	3352
惘惘	1	3353
左右	1	3354
蟻	1	3355
意中	1	3356
路旁	1	3357
發見	1	3358
很久違	1	3359
伊原	1	3360
沒志氣	1	3361
幾句戲	1	3362
堂皇	1	3363
太乏	1	3364
這兩手	1	3365
捆	1	3366
鞭	7	3367
過了	6	3368
二十年	1	3369
百忙中	1	3370
無師	1	3371
自通	1	3372
半句	1	3373
從人	1	3374
叢裡	1	3375
發出	2	3376
豺狼	1	3377
嗥叫	1	3378
車子	1	3379
不住	4	3380
前行	1	3381
聲中	1	3382
輪轉	1	3383
出神	2	3384
山腳下	1	3385
遇見	2	3386
跟定	1	3387
肉	4	3388
嚇得	1	3389
要死	1	3390
柄	2	3391
斫	1	3392
柴刀	1	3393
仗	2	3394
這壯	1	3395
了膽	1	3396
支持	1	3397
凶	1	3398
怯	6	3399
兩顆	2	3400
鬼火	1	3401
穿透	1	3402
鈍	1	3403
鋒利	1	3404
以外	1	3405
連成	1	3406
一氣	2	3407
靈魂	1	3408
救命	1	3409
裡嗡	1	3410
微塵	1	3411
迸散	1	3412
影響	1	3413
最大	1	3414
因為終	1	3415
都號	1	3416
*	29	3417
G	111	3418
特	3	3419
報官	1	3420
破費	1	3421
千	4	3422
賞錢	1	3423
也號	1	3424
遺老	1	3425
氣味	1	3426
無異議	1	3427
不壞	1	3428
不佳	1	3429
多半	1	3430
不滿足	1	3431
槍斃	3	3432
並無殺頭	1	3433
這般	1	3434
死囚	1	3435
游	4	3436
街	8	3437
一趟	1	3438
本篇	1	3439
分章	1	3440
發表	1	3441
晨報	1	3442
副刊	1	3443
起至	1	3444
二年	1	3445
二月	3	3446
十二日	1	3447
止	6	3448
每週	1	3449
隔週	1	3450
刊登	1	3451
署名	1	3452
巴人	1	3453
一九二五年	1	3454
曾為	1	3455
這篇	2	3456
俄文	1	3457
譯本	1	3458
短序	1	3459
集外集	1	3460
一文	1	3461
三不朽	1	3462
襄公	1	3463
二十四年	1	3464
載魯國	1	3465
大夫	1	3466
叔孫豹	1	3467
太上	1	3468
立德	1	3469
立功	1	3470
雖久	1	3471
此之謂	1	3472
子路	1	3473
小說體	1	3474
日譯者	1	3475
昔日	1	3476
仙人	1	3477
事多以	1	3478
題名	1	3479
官方	1	3480
撰修	1	3481
認可	1	3482
乾隆	1	3483
時規定	1	3484
至	21	3485
明史	1	3486
二十四部	1	3487
紀傳體	1	3488
史書為	1	3489
部份	1	3490
著名	1	3491
效忠	1	3492
統治階級	1	3493
重要	1	3494
死後由	1	3495
明令	1	3496
褒揚	1	3497
令	9	3498
文末	1	3499
機構	1	3500
北洋	1	3501
軍閥	1	3502
國民黨	1	3503
一名	2	3504
ｃ	1	3505
ｋ	1	3506
ｓ	1	3507
通譯	1	3508
狄更斯	1	3509
大衛	1	3510
科波菲	1	3511
爾	2	3512
雙城記	1	3513
原名	1	3514
勞特奈	1	3515
吞	1	3516
柯南	1	3517
道爾	1	3518
大澄等譯	1	3519
商務	1	3520
印書館	1	3521
出版	1	3522
說部	1	3523
叢書	1	3524
魯迅	1	3525
八月八	1	3526
日致	1	3527
韋素	1	3528
園信	1	3529
中曾	1	3530
Ｒ	1	3531
ｄ	1	3532
Ｓ	1	3533
ｔ	1	3534
譯名	1	3535
ｌ	1	3536
司作	1	3537
乃是	1	3538
誤記	1	3539
林琴南	1	3540
白話文	1	3541
日本	1	3542
賣漿	3	3543
即拉車	1	3544
豆腐	1	3545
漿之謂	1	3546
系指	1	3547
氏之父	1	3548
氏	10	3549
大學	1	3550
校長	1	3551
系主張	1	3552
白話者	1	3553
受到	1	3554
矢	1	3555
入	7	3556
三教	3	3557
儒教	1	3558
佛教	1	3559
道教	1	3560
九流	3	3561
藝文志	1	3562
分	18	3563
儒家	1	3564
道家	1	3565
陰陽家	1	3566
法家	1	3567
名家	1	3568
墨家	1	3569
縱橫家	1	3570
雜家	1	3571
農家	1	3572
小說家	6	3573
並說	1	3574
觀者	1	3575
而已	2	3576
小說	8	3577
家者	1	3578
蓋出	1	3579
稗官	1	3580
街談	1	3581
巷語	1	3582
聽途	1	3583
說者	1	3584
所造	1	3585
弗為	1	3586
關於書法	1	3587
馮武著	1	3588
共	2	3589
十卷	1	3590
傳授	1	3591
呂氏	1	3592
仲春	1	3593
紀	2	3594
著乎	1	3595
傳乎後世	1	3596
竹簡	1	3597
帛	5	3598
絹綢	1	3599
發明	1	3600
造紙	1	3601
茂才	6	3602
東漢時	1	3603
避	3	3604
光武帝	1	3605
劉秀	1	3606
名諱	1	3607
改	7	3608
為茂才	1	3609
別稱	1	3610
指一	1	3611
九一八	1	3612
年前	2	3613
玄	2	3614
同等	1	3615
雜誌	1	3616
開展關	1	3617
除漢字	1	3618
改用	1	3619
拼音	1	3620
一事	1	3621
在給	1	3622
使用	1	3623
玄同	2	3624
獨秀	3	3625
系茂才	1	3626
公之誤	1	3627
以前	1	3628
學塾	1	3629
課本	1	3630
宋初	1	3631
誦	1	3632
讀	2	3633
姓氏	1	3634
連綴	1	3635
四言韻語	1	3636
則在	1	3637
一姓	1	3638
附	2	3639
區域	1	3640
某姓	1	3641
望族	1	3642
曾居	1	3643
如趙為	1	3644
天水	2	3645
錢為	1	3646
彭城	1	3647
○	1	3648
七月	1	3649
水滸傳	1	3650
考證	1	3651
中自稱	1	3652
記述	1	3653
世系	1	3654
生卒	1	3655
事跡	1	3656
其家屬	1	3657
撰	3	3658
泛指	1	3659
經歷	1	3660
土谷	18	3661
穀	1	3662
童生	1	3663
指科舉	1	3664
時代習	1	3665
舉業	1	3666
尚未	1	3667
考取	1	3668
經	36	3669
殿	1	3670
試取	1	3671
第一名	1	3672
賭博	1	3673
賭局	1	3674
中為	1	3675
主	11	3676
寶的	1	3677
指押	1	3678
押	7	3679
錢數	1	3680
淮南子	1	3681
人間	1	3682
訓	8	3683
之人	3	3684
善術者	1	3685
故亡	1	3686
胡中	1	3687
居數	1	3688
其馬將	1	3689
胡駿	1	3690
人皆賀	1	3691
禍乎	1	3692
家富馬良	1	3693
其子	1	3694
騎	1	3695
墮	1	3696
折	2	3697
髀	1	3698
居	11	3699
入塞	1	3700
丁壯者	1	3701
控弦而戰	1	3702
十九	1	3703
此獨以	1	3704
跛	1	3705
相保	1	3706
故福	1	3707
禍	4	3708
禍之為	1	3709
福	6	3710
化	2	3711
極	2	3712
測也	1	3713
賽神	2	3714
迎神	1	3715
賽會	2	3716
一出	1	3717
紹興	3	3718
祭禮	1	3719
原指	2	3720
牛	2	3721
羊	3	3722
豕	1	3723
三牲	1	3724
但後來	1	3725
單稱	1	3726
牛為	1	3727
光緒	1	3728
三十一年	1	3729
清政府	1	3730
下令	1	3731
丙午	1	3732
科起	1	3733
廢止	1	3734
考試	1	3735
父母	1	3736
殯時	1	3737
兒子須	1	3738
拄	1	3739
孝杖	1	3740
表示悲痛	1	3741
難支	1	3742
因厭	1	3743
手杖	1	3744
咒為	1	3745
宣公	1	3746
楚國令	1	3747
良	5	3748
相兇惡	1	3749
哥哥	1	3750
子文	2	3751
大後會	1	3752
招致	1	3753
滅族	1	3754
之禍	1	3755
要子良	1	3756
依	1	3757
子文臨	1	3758
鬼猶求	1	3759
食	5	3760
其餒	1	3761
有子	1	3762
孫供	1	3763
鬼魂	1	3764
語尾助	1	3765
畢命	1	3766
雖收	1	3767
閒之維艱	1	3768
心無約束	1	3769
殷紂王	1	3770
周幽王	1	3771
中有商	1	3772
因妲己	1	3773
而亡	1	3774
周因	1	3775
衰	1	3776
三國	2	3777
演義	1	3778
中王	1	3779
允家	1	3780
歌妓	1	3781
書中	1	3782
呂布	1	3783
爭奪	1	3784
她	1	3785
諷刺	1	3786
那種	1	3787
上亡	1	3788
國敗家	1	3789
歸罪	1	3790
婦女	1	3791
觀點	1	3792
規定	2	3793
嚴格	1	3794
界限	1	3795
男子	1	3796
居外	1	3797
女子	1	3798
居內	1	3799
禮記	1	3800
內則	1	3801
男女授受	1	3802
不親	1	3803
猶	2	3804
霍	1	3805
之義	1	3806
原情	1	3807
定過	1	3808
赦事	1	3809
指不問	1	3810
如何	1	3811
而主觀	1	3812
推究	1	3813
居心	1	3814
為政	1	3815
三十而立	1	3816
學問	1	3817
有所	2	3818
自立	1	3819
代指	1	3820
即小同	1	3821
介亭	1	3822
雜文	1	3823
寄	3	3824
週刊	2	3825
編者	1	3826
小同	2	3827
大起	1	3828
當時紹興	1	3829
齣	1	3830
戲演	1	3831
宋太祖	1	3832
匡	2	3833
呼延	1	3834
贊交戰	1	3835
指趙匡胤	1	3836
部下	1	3837
猛將	1	3838
鄭子明	1	3839
三國誌	1	3840
吳書	1	3841
呂蒙傳	1	3842
裴松之	1	3843
刮目	4	3844
拭	1	3845
目的	2	3846
牙牌	1	3847
骨牌	1	3848
象牙	1	3849
或獸	1	3850
骨所制	1	3851
簡陋	1	3852
麻雀	1	3853
牌	10	3854
俗稱	1	3855
以九	1	3856
十二文	1	3857
華蓋集	3	3858
續編	3	3859
我國用	1	3860
中有	3	3861
方孔	1	3862
可用	1	3863
繩	1	3864
子串	1	3865
一起	1	3866
千枚	1	3867
每枚	1	3868
當十	1	3869
一百枚	1	3870
一串	1	3871
稱作	1	3872
一吊	1	3873
上常	1	3874
季氏	1	3875
嘗獨立	1	3876
鯉	1	3877
趨而	1	3878
他學	1	3879
詩	1	3880
學	11	3881
禮	6	3882
人稱	1	3883
之訓	1	3884
子罕	1	3885
公元	1	3886
十一月	1	3887
起義後的	1	3888
第二十五	1	3889
天	42	3890
冊	1	3891
上海	1	3892
社編印	1	3893
辛亥	3	3894
杭州府	1	3895
為民軍佔領	1	3896
紹興府	1	3897
即日	1	3898
宣	13	3899
佈	1	3900
作品	1	3901
對崇禎	1	3902
明思宗	1	3903
朱由檢	1	3904
年號	1	3905
明亡	1	3906
清	15	3907
農民起	1	3908
義的	5	3909
部隊	1	3910
反清	1	3911
口號	1	3912
統治	2	3913
直到	2	3914
清末	1	3915
軍起	1	3916
義是	1	3917
浙江	1	3918
寧波	1	3919
講	4	3920
究	7	3921
征	2	3922
明宣	1	3923
宗	3	3924
年間	1	3925
造	16	3926
小型	1	3927
銅香爐	1	3928
爐底	1	3929
大明	1	3930
年制	1	3931
最下	1	3932
一級	1	3933
武官	1	3934
寫信	1	3935
格式	1	3936
八行	1	3937
豎寫	1	3938
信紙	1	3939
每行	1	3940
敬意	1	3941
抬頭	1	3942
寫受	1	3943
信人	1	3944
名號	1	3945
抬高	1	3946
格	13	3947
多一些	1	3948
矗立	1	3949
短行	1	3950
看起	1	3951
傘	6	3952
傘柄	1	3953
傘是	1	3954
時代高貴	1	3955
儀仗	1	3956
這種	1	3957
法稱	1	3958
對方	1	3959
恭敬	1	3960
諧音	1	3961
便訛成	1	3962
官員帽	1	3963
官階	1	3964
帽珠	1	3965
徽章	1	3966
比作	1	3967
官員	2	3968
唐代	1	3969
文學侍	1	3970
清時代凡	1	3971
選入	1	3972
翰林院	1	3973
職者	1	3974
通稱	1	3975
編修國史	1	3976
起草文件	1	3977
名望	1	3978
文職	1	3979
官銜	1	3980
五代	1	3981
劉海	3	3982
蟾	1	3983
相傳	1	3984
在終	1	3985
南山	1	3986
修道	1	3987
成仙	1	3988
民間	1	3989
畫像	1	3990
前額	1	3991
覆有	1	3992
短	11	3993
黎元洪	1	3994
原任	1	3995
第二十一	1	3996
混成	1	3997
協的	1	3998
協統	1	3999
相當	1	4000
旅長	1	4001
起義時	1	4002
被拉出	1	4003
鄂	1	4004
都督	1	4005
參	6	4006
起義的	2	4007
籌劃	1	4008
英語	1	4009
羲	3	4010
伏羲氏	1	4011
傳說	2	4012
上古	1	4013
帝王	1	4014
時代過	1	4015
形容	1	4016
太平盛世	1	4017
